Variant	TANGO
AADAC_Ter400GlnextTer1	0.000
AASDHPPT_Ter310TrpextTer1	0.000
ACOXL_Ter581GlnextTer144	80.181
ACP3_Ter387GlnextTer7	0.000
ADAM29_Ter821GlnextTer61	0.000
ADAMTS15_Ter951ArgextTer14	0.000
ADNP2_Ter1132LysextTer12	0.000
AGAP4_Ter687GlnextTer50	99.075
AGAP9_Ter659ArgextTer31	0.000
AGTR1_Ter360TrpextTer9	0.000
AIM2_Ter344GluextTer16	0.000
AKR1B10_Ter317ArgextTer2	0.000
ALAS1_Ter641GlyextTer2	0.000
ALDH8A1_Ter488TrpextTer53	4.195
ALDOB_Ter365TyrextTer42	18.310
ALG13_Ter1138TyrextTer5	0.000
ANK1_Ter1881CysextTer21	2.268
ANKRD60_Ter346TyrextTer9	57.117
ANKS3_Ter657GlnextTer6	0.000
AP1M2_Ter424GlnextTer8	0.000
AP1M2_Ter424TrpextTer8	0.000
APIP_Ter243LysextTer11	0.000
ARHGAP8_Ter434GluextTer33	84.475
ARHGEF35_Ter485CysextTer14	5.442
ARMH2_Ter231GlnextTer3	0.000
ASB4_Ter427LeuextTer3	0.000
ASDURF_Ter97GlnextTer3	0.000
ASRGL1_Ter309SerextTer10	0.000
ATOH7_Ter153SerextTer32	0.000
ATP8B3_Ter1301TrpextTer245	0.341
ATPAF2_Ter290ArgextTer10	0.000
BDP1_Ter2625GluextTer11	34.576
BEAN1_Ter260CysextTer59	0.000
BMS1_Ter1283LeuextTer14	0.000
BTNL2_Ter483SerextTer3	0.000
BTNL8_Ter501TyrextTer48	1.152
C15orf48_Ter84TrpextTer8	1.059
C15orf62_Ter176SerextTer3	0.000
C17orf50_Ter175SerextTer72	0.000
C1orf127_Ter824ArgextTer22	0.000
C1orf87_Ter547GlyextTer1	0.000
C5orf47_Ter177LeuextTer30	70.962
CALML4_Ter154TrpextTer17	0.000
CCDC160_Ter326LeuextTer8	0.000
CCDC74A_Ter313TrpextTer24	24.363
CCRL2_Ter345SerextTer10	0.000
CCT6B_Ter531LeuextTer1	0.000
CD300LG_Ter333TrpextTer11	0.000
CDC20B_Ter520TyrextTer14	17.169
CDH17_Ter833CysextTer2	0.000
CEP192_Ter2538TyrextTer7	0.000
CEP89_Ter784GlnextTer8	0.000
CFAP157_Ter521GlnextTer21	0.000
CFAP77_Ter285LysextTer13	0.000
CFHR1_Ter331GlnextTer4	0.000
CFHR1_Ter331TrpextTer4	0.000
CFHR5_Ter570ArgextTer37	85.748
CGB1_Ter156SerextTer8	0.000
CIMIP1_Ter138ArgextTer51	0.000
CKM_Ter382GlnextTer87	18.144
CLEC4A_Ter238ArgextTer6	0.000
CLEC4M_Ter400TyrextTer5	0.000
CMC4_Ter69GlnextTer13	1.238
CNBD1_Ter437GlnextTer2	0.000
CNOT2_Ter541LysextTer65	7.850
COLQ_Ter456ArgextTer3	0.000
CPLX4_Ter161CysextTer42	1.825
CSH1_Ter218SerextTer4	0.000
CTAGE4_Ter778ArgextTer2	0.000
CTAGE4_Ter778CysextTer2	0.000
CTAGE8_Ter778ArgextTer2	0.000
CTAGE8_Ter778CysextTer2	0.000
CTBS_Ter386SerextTer40	99.956
CXCL10_Ter99GlnextTer37	0.000
CXCL11_Ter95LeuextTer6	0.000
CYP2C19_Ter491CysextTer26	12.527
DCLK3_Ter818GluextTer27	0.000
DEFB132_Ter96SerextTer1	0.000
DEFB4A_Ter65GlyextTer24	0.000
DENND4B_Ter1497TyrextTer3	0.000
DIS3_Ter959GlnextTer14	6.425
DNAAF3_Ter542TrpextTer4	0.000
DNHD1_Ter4754CysextTer6	0.000
DRC1_Ter741CysextTer13	0.000
DUX4_Ter425GlnextTer48	0.000
EEPD1_Ter570TrpextTer1	0.000
ERH_Ter105TyrextTer28	0.000
ETFRF1_Ter91LeuextTer5	0.000
EXOSC9_Ter440GluextTer2	0.000
FAM174C_Ter133ArgextTer2	0.000
FAM217A_Ter509GlnextTer31	45.811
FAM237B_Ter140GlnextTer6	0.000
FAM240C_Ter96SerextTer46	0.000
FAM47E_Ter394TrpextTer30	96.215
FAM81B_Ter453GlnextTer38	99.975
FBP2_Ter340TrpextTer3	0.000
FBXO22_Ter404TyrextTer1	0.000
FBXW8_Ter599GluextTer20	0.000
FCGR1A_Ter375GluextTer47	86.279
FCGR3B_Ter234ArgextTer21	0.000
FCRLB_Ter427SerextTer48	97.712
FECH_Ter424CysextTer26	0.000
FGGY_Ter552ArgextTer28	1.372
FKBP4_Ter460GlnextTer30	0.000
FLG2_Ter2392SerextTer172	0.000
FOXD4L1_Ter409TrpextTer76	12.121
FOXD4_Ter440TyrextTer55	0.000
FRG2B_Ter279GlyextTer3	0.000
G0S2_Ter104TrpextTer58	30.337
GOLGA6C_Ter694TrpextTer29	35.744
GOLGA6D_Ter694TyrextTer29	35.773
GOLGA6L22_Ter855GlnextTer8	0.000
GOLGA6L6_Ter725GlnextTer8	0.000
GOLGA8Q_Ter633GluextTer13	0.000
GPR101_Ter509ArgextTer2	0.000
GPR151_Ter420GluextTer2	0.000
GPR26_Ter338GlyextTer11	0.399
GPX7_Ter188LysextTer32	0.000
GSTM1_Ter219TrpextTer89	18.991
GSTZ1_Ter217TrpextTer19	0.000
GZMH_Ter247LeuextTer4	0.000
H3Y2_Ter148TrpextTer19	99.983
HBA2_Ter143GlnextTer31	12.446
HLA-DRB1_Ter267ArgextTer18	0.000
HOMER3_Ter362ArgextTer7	0.000
HOXA10_Ter411LeuextTer1	0.000
HSD17B2_Ter388TrpextTer12	0.000
HSPB6_Ter161LeuextTer22	0.000
ICAM3_Ter548ArgextTer21	0.174
IDI2_Ter228CysextTer23	0.000
IGFL3_Ter126LeuextTer33	0.000
INMT_Ter264SerextTer20	0.000
INPPL1_Ter1259TrpextTer1	0.000
ITIH6_Ter1314CysextTer22	0.000
JAK1_Ter1155GlnextTer3	0.000
JKAMP_Ter312ArgextTer2	0.000
KBTBD3_Ter613SerextTer3	0.000
KCNC3_Ter758GluextTer29	0.000
KCNJ13_Ter361GlnextTer6	0.000
KIR2DL3_Ter342ArgextTer8	0.000
KIR2DL3_Ter342TrpextTer8	0.000
KIR3DL1_Ter445ArgextTer11	0.000
KIR3DL1_Ter445SerextTer11	0.000
KLK1_Ter263CysextTer10	0.000
KLRC2_Ter232SerextTer2	0.000
KMO_Ter487ArgextTer1	0.000
KNCN_Ter125ArgextTer4	0.000
KNSTRN_Ter317SerextTer13	0.000
KRT24_Ter526TyrextTer27	0.000
KRTAP10-4_Ter402CysextTer10	0.000
KRTAP4-7_Ter156TrpextTer25	0.000
LCE1D_Ter115GlyextTer4	0.000
LCTL_Ter568SerextTer10	0.636
LGALS3_Ter251LysextTer41	56.211
LGALS9B_Ter357GlnextTer183	11.814
LILRA6_Ter482CysextTer29	0.992
LRFN2_Ter790LeuextTer30	5.880
LRRC28_Ter368TrpextTer1	0.000
LRRC53_Ter1248LeuextTer14	0.000
LRRCC1_Ter1033TrpextTer3	0.000
LRTM1_Ter346LeuextTer19	41.760
LVRN_Ter991GlnextTer13	84.539
LY9_Ter656GlyextTer59	32.508
MATN4_Ter582LeuextTer49	0.589
MBLAC2_Ter280LysextTer4	0.000
MBOAT4_Ter436ArgextTer15	10.663
MCU_Ter352ArgextTer6	0.000
MDH1B_Ter519SerextTer15	4.383
METTL21A_Ter219GlnextTer15	59.069
MMACHC_Ter283LeuextTer14	51.806
MMACHC_Ter283SerextTer14	51.376
MMP12_Ter471TyrextTer5	0.000
MMP8_Ter468SerextTer34	52.853
MNS1_Ter496LeuextTer16	17.264
MPL_Ter636TrpextTer13	0.000
MRPL45_Ter307CysextTer1	0.000
MUSK_Ter870GlnextTer2	0.000
MYO1H_Ter1039ArgextTer1	0.000
MZT2B_Ter159LeuextTer27	0.000
NBPF19_Ter3844LeuextTer22	0.000
NEU3_Ter462TyrextTer3	0.000
NLRP8_Ter1049TyrextTer10	0.000
NME5_Ter213LeuextTer10	0.000
NOTCH2NLR_Ter275ArgextTer16	11.676
NPPA_Ter152ArgextTer2	0.000
NQO2_Ter232SerextTer28	0.000
OC90_Ter478GlnextTer7	0.000
OOSP3_Ter194TyrextTer7	0.000
OR1L8_Ter310SerextTer5	0.000
OR1S1_Ter313TrpextTer73	32.267
OR2A5_Ter312TrpextTer7	0.000
OR2M3_Ter313ArgextTer3	0.000
OR2T11_Ter317TyrextTer36	0.000
OR2T2_Ter325TrpextTer81	80.958
OR4F5_Ter327TrpextTer11	0.174
OR4N4_Ter317ArgextTer20	4.586
OR4S2_Ter312TrpextTer6	0.000
OR6C2_Ter313TyrextTer3	0.000
OR6J1_Ter348TyrextTer12	0.000
OXGR1_Ter338CysextTer6	0.000
OXSM_Ter460GlnextTer3	0.000
P2RY2_Ter378TrpextTer38	0.252
PAX6_Ter437LysextTer14	0.000
PCDHB13_Ter799TrpextTer2	0.000
PHETA2_Ter260GlnextTer5	0.000
PIERCE2_Ter122ArgextTer33	0.000
PIK3C2G_Ter1487SerextTer4	0.000
PKD2L2_Ter625GlnextTer2	0.000
PLAUR_Ter336GlnextTer2	0.000
PLCL2_Ter1128GlyextTer5	0.000
PNMA1_Ter354SerextTer11	0.426
POMZP3_Ter188LysextTer23	0.000
POTED_Ter585GlnextTer6	0.000
PPP1R12A_Ter1031LysextTer71	100.000
PRAMEF27_Ter479LeuextTer24	0.000
PRAMEF27_Ter479SerextTer24	0.000
PRAMEF6_Ter477CysextTer24	0.000
PRM3_Ter104ArgextTer27	0.000
PRR15_Ter130GlnextTer3	0.000
PRSS48_Ter329GluextTer18	8.860
PTPMT1_Ter202SerextTer38	0.000
RASL10A_Ter204CysextTer13	0.000
RDH16_Ter318ArgextTer2	0.000
REXO4_Ter423TyrextTer47	0.950
RGS22_Ter1265ArgextTer34	0.000
RIGI_Ter926ArgextTer33	0.000
RNF212B_Ter301GlnextTer6	0.295
RP1L1_Ter2401TyrextTer5	0.000
RPUSD3_Ter344GluextTer6	0.000
RSPH10B2_Ter871TrpextTer10	0.000
S100A14_Ter105TrpextTer19	0.000
SALL2_Ter1006SerextTer28	0.000
SDR16C5_Ter310GluextTer27	0.000
SEPTIN1_Ter373ArgextTer95	0.337
SERPINB11_Ter393GluextTer43	0.000
SH3BP2_Ter562TrpextTer30	0.000
SHH_Ter463TrpextTer36	0.000
SIRPB1_Ter399SerextTer12	20.268
SKIC3_Ter1565TyrextTer6	0.000
SLC15A4_Ter578TrpextTer3	0.000
SLC22A11_Ter551TyrextTer89	0.000
SLC22A25_Ter548GluextTer41	68.128
SLC25A10_Ter288CysextTer14	0.000
SLC36A4_Ter505GluextTer1	0.000
SLC6A18_Ter629ArgextTer37	0.000
SLCO4C1_Ter725ArgextTer42	93.569
SLURP1_Ter104ArgextTer16	0.000
SNRNP35_Ter247GlnextTer9	0.000
SNX16_Ter345GlnextTer15	0.000
SOCS4_Ter441GlnextTer1	0.000
SPART_Ter667ArgextTer1	0.000
SPATA16_Ter570GlnextTer9	0.000
SPATA31A6_Ter1344SerextTer9	0.000
SPATA31C2_Ter1135GlnextTer48	0.000
SPATA31G1_Ter1080GlnextTer5	0.000
SPRR2G_Ter74GlnextTer3	0.000
SSU72L1_Ter195SerextTer14	0.000
SSU72L5_Ter195TrpextTer14	0.000
ST13_Ter370SerextTer6	0.000
ST8SIA1_Ter357GlnextTer19	0.000
SUOX_Ter546ArgextTer14	0.000
TAC4_Ter108GluextTer22	0.000
TAP2_Ter687GlnextTer17	0.000
TAS2R19_Ter300TrpextTer10	0.000
TBC1D8B_Ter1121SerextTer8	0.000
TERB2_Ter221GlnextTer1	0.000
TIMM10B_Ter104GluextTer16	0.000
TMC5_Ter1007SerextTer1	0.000
TMEM181_Ter476CysextTer21	0.000
TMEM217_Ter212ArgextTer25	0.000
TMEM252_Ter171ArgextTer44	0.000
TMPRSS3_Ter454ArgextTer9	0.000
TNFRSF10A_Ter469LeuextTer15	14.376
TNN_Ter1300TrpextTer4	0.000
TRA2A_Ter283LeuextTer1	0.000
TRAP1_Ter705CysextTer8	0.000
TRIM48_Ter225ArgextTer167	98.064
TRIM51_Ter453CysextTer31	2.268
TRIM58_Ter487GlnextTer9	0.000
TRIM5_Ter494SerextTer50	99.758
TRIM64_Ter450ArgextTer20	18.617
TRIM7_Ter512SerextTer101	2.902
TRPA1_Ter1120GluextTer14	0.000
TSPAN32_Ter321LeuextTer26	1.623
TSPYL6_Ter411LeuextTer42	81.857
TTLL1_Ter424ArgextTer17	0.000
TXLNB_Ter685TyrextTer29	0.000
TYW1B_Ter669TrpextTer8	0.000
UGT2B17_Ter531TyrextTer9	0.000
UGT2B28_Ter530LeuextTer59	6.645
UQCRQ_Ter83GlyextTer23	0.000
VCX3B_Ter247TrpextTer13	0.000
VNN1_Ter514GlnextTer13	86.374
VPS37A_Ter398GlnextTer6	0.000
VWA3B_Ter1295LysextTer32	3.202
WFDC12_Ter112CysextTer69	3.535
WNK1_Ter2383LysextTer2	0.000
ZBTB32_Ter488ArgextTer23	0.000
ZC3HAV1L_Ter301LeuextTer40	0.000
ZMYND15_Ter743LeuextTer5	0.000
ZNF114_Ter418GlyextTer17	60.873
ZNF208_Ter1281TyrextTer158	6.141
ZNF302_Ter400GlnextTer149	98.780
ZNF350_Ter533GlnextTer16	0.000
ZNF442_Ter628LysextTer7	0.000
ZNF443_Ter672LeuextTer4	0.000
ZNF470_Ter718GlnextTer8	0.000
ZNF487_Ter208TrpextTer2	0.000
ZNF577_Ter486TyrextTer3	0.000
ZNF655_Ter492ArgextTer2	0.000
ZNF717_Ter915GlyextTer42	3.544
ZNF773_Ter443GlyextTer2	0.000
ZNF787_Ter383GluextTer59	0.000
ZNF787_Ter383TrpextTer59	0.000
ZNF799_Ter644LeuextTer4	0.000
ZNF804A_Ter1210TyrextTer4	0.000
ZNF829_Ter433ArgextTer5	0.000
ZNF85_Ter596ArgextTer27	0.000
